first,last,street,city,state,zip,date,ssn,gender,email,phone,drivers_license,Policy_Number,Claim_Number,VIN,TIN,userid,license_plate
Madhav,Gill,064 Cooper Trail Apt. 105,Rekapiigi,NJ,69434,7/26/2043,,,,152.322.9473,L2415-59799-11148,930642155,3BT42658743,GCOYQQPYX83810798,964-61-8486,6kPoH,3D 7V3FRM
Elijah,Torrents,7940 Felicia Forest Suite 420,Tavninpo,MS,83748,1/28/1984,804280055,Male,E.Torrents26@zgsolutions.net,001-225-554-6648,369-25-1046,168758861,5JX34044966,614TBFDCZLD685146,980-58-2399,qUM%[,35DU4
Lagan,Ramakrishnan,00821 Pineda Freeway,Vilzaeb,,57100,3/17/1922,550629966,Female,Ramakrishnan.Lagan12vargas.es,+1-761-532-4748x3121,2129780,750948332,7ID50092936,TPHL0V1GGU0940635,958-88-2592,Ac96m,244-KGW
Robert,Dhar,69402 Shari Vista Suite 965,Jeomda,KS,98046,4/28/1967,467263723,Male,Robert.Dhar4@snyder.com,648.787.8233,K90-77-5330,188905684,2FI85268110,CIPUE6XDRKM545945,921-44-4148,bsSop,721535
John,Jackson,508 Schroeder Canyon,Iwocafo,UT,,8/24/2023,539518920,Male,,1673242365,,494338677,9MJ95368106,J5QMDTTOA9V529829,965-93-6699,p4hsV,0TZB 60
Gregorio,Mancebo,30217 Anthony Trail,Fudfehab,MN,78824,7/8/1901,539518920,Female,Gregorio.Mancebo18@caldwell-jones.org,975.952.4461x048,L489048687448,279657827,8PF85374801,NS3ZQBJE18N103481,991-20-4072,Sfj3g,470Q
Michael,Baeza,886 Daniel Meadows,Bigrulip,IN,51491,,865989288,Female,Michael.Baeza64@nieto-vall.es,,5128-38-7064,427579623,6DX40984565,QYKCP0URMVM378652,973-65-4201,JRBEh,4S 2101R
Stephen,King,34894 Sanders Forks,Kacosfe,ID,58773,8/26/2004,,Male,Stephen.King24@joseph.com,718-758-4111x4435,OX783839X,559008267,0QS89755622,IDYFV9NW4FK211412,979-70-6908,P*&tU,7J614
Michael,Kothari,2279 Nguyen Passage Apt. 640,Impadena,OR,30898,7/6/2020,1912515,,Kothari.Michael47@qrgx.com.ph,384-275-9574x62732,5449146,755089486,4QW21564167,G1RCI7SJCUB346738,972-14-9444,5ZLo4,45-HP40
Christopher,Lee,075 Jason Viaduct Apt. 085,Neredneh,MD,45749,9/17/1999,170717821,Female,Lee.Christopher75@morales.net,(626)614-7137,Z-880-301-826-658,960011944,1WH45220246,29EXGLM85C5641813,995-63-6965,xw!TA,75R•909
Nirvaan,Miralles,390 Holly Pass,Fanecfag,KY,46947,3/19/1948,193244847,Male,Nirvaan.Miralles13@arellano.com,,K85-860-354,653258798,3CW42635236,61WK3NL42JC424114,997-29-8033,mH!pK,74GJ659
Tyler,Adams,59787 Leonard Mill,Keenatac,WI,78409,3/1/2043,742645083,Female,T.Adams85@williams.org,(854)882-7745,K354-3441-4315-56,938507493,3KI98750320,ULKWQ1ZDF5T348186,982-85-6144,HY[Yf,OGP 365
Darius,Cerdán,350 Danny Estate Apt. 060,Nodipuwu,IN,41386,5/9/2013,31072514,Male,Cerdán.Darius47@gimenez-menendez.net,+1-399-371-4936x9224,3861-25-3281,753733067,4WZ79165944,R0KGFS66FGH717577,956-85-3751,c(Lw5,NEP-2577